,prod_env,season,id,country,year,province,lat,long
1,Red_river_delta,dry_season,3,VN,2013,VN-61,20.4816,106.2334
2,Red_river_delta,dry_season,19,VN,2015,VN-61,20.8,106.391
3,Red_river_delta,dry_season,20,VN,2015,VN-61,20.797,106.385
4,Red_river_delta,wet_season,21,VN,2015,VN-61,20.799,106.394
5,Red_river_delta,dry_season,22,VN,2015,VN-61,20.797,106.386
6,Red_river_delta,dry_season,23,VN,2015,VN-61,20.799,106.392
7,Red_river_delta,dry_season,24,VN,2015,VN-61,20.787,106.398
8,Red_river_delta,dry_season,25,VN,2015,VN-61,20.477,106.231
9,Red_river_delta,dry_season,27,VN,2015,VN-61,20.477,106.231
10,Red_river_delta,dry_season,28,VN,2015,VN-61,20.476,106.239
11,Red_river_delta,dry_season,29,VN,2015,VN-61,20.793,106.384
12,Red_river_delta,dry_season,30,VN,2015,VN-61,20.795,106.387
13,Red_river_delta,dry_season,31,VN,2015,VN-61,20.786,106.398
14,Red_river_delta,dry_season,32,VN,2015,VN-61,20.787,106.398
15,Red_river_delta,dry_season,33,VN,2015,VN-61,20.793,106.384
16,Red_river_delta,dry_season,34,VN,2015,VN-61,20.785,106.399
17,Red_river_delta,dry_season,35,VN,2015,VN-61,20.799,106.394
18,West_Java,dry_season,36,ID,2013,ID-JB,-6.28915,107.471
19,West_Java,dry_season,37,ID,2013,ID-JB,-6.2891,107.471
20,West_Java,dry_season,38,ID,2013,ID-JB,-6.28895,107.47245
21,West_Java,dry_season,39,ID,2013,ID-JB,-6.286116667,107.4713667
22,West_Java,dry_season,40,ID,2013,ID-JB,-6.289233333,107.1387333
23,West_Java,dry_season,41,ID,2013,ID-JB,-6.302458611,107.0078628
24,West_Java,dry_season,42,ID,2013,ID-JB,-6.315416667,107.4726333
25,West_Java,dry_season,43,ID,2013,ID-JB,-6.314166667,107.4717333
26,West_Java,dry_season,44,ID,2013,ID-JB,-6.3085,107.4717333
27,Central_Plain,wet_season,45,TH,2013,TH-72,14.64735,100.15801
28,Central_Plain,wet_season,46,TH,2013,TH-72,14.69941,100.19383
29,Central_Plain,wet_season,47,TH,2013,TH-72,14.69959,100.19131
30,Central_Plain,wet_season,48,TH,2013,TH-72,14.67126,100.16916
31,Central_Plain,wet_season,49,TH,2013,TH-72,14.64735,100.15812
32,Central_Plain,wet_season,50,TH,2013,TH-72,14.64735,100.15812
33,Central_Plain,wet_season,51,TH,2013,TH-72,14.69936,100.19379
34,Central_Plain,wet_season,52,TH,2013,TH-72,14.69831,100.1898
35,Central_Plain,wet_season,53,TH,2013,TH-72,14.69848,100.19027
36,Central_Plain,wet_season,54,TH,2013,TH-72,14.6075,100.19759
37,Central_Plain,wet_season,55,TH,2013,TH-72,14.60801,100.19758
38,Central_Plain,wet_season,56,TH,2013,TH-72,14.6077,100.19698
39,West_Java,dry_season,57,ID,2013,ID-JB,-6.314183333,107.4717667
40,West_Java,dry_season,58,ID,2013,ID-JB,-6.30175,107.4775
41,West_Java,dry_season,59,ID,2013,ID-JB,-6.303766667,107.472
42,West_Java,dry_season,60,ID,2013,ID-JB,-6.305283333,107.4718333
43,West_Java,dry_season,61,ID,2013,ID-JB,-6.305416667,107.4738833
44,West_Java,dry_season,62,ID,2013,ID-JB,-6.307583333,107.4714
45,West_Java,wet_season,63,ID,2013,ID-JB,-6.313733333,107.47555
46,West_Java,wet_season,64,ID,2013,ID-JB,-6.314283333,107.4745667
47,Central_Plain,wet_season,65,TH,2013,TH-72,14.60739,100.1973
48,Central_Plain,wet_season,66,TH,2013,TH-72,14.60223,100.20232
49,Central_Plain,wet_season,67,TH,2013,TH-72,14.60784,100.19559
50,West_Java,dry_season,68,ID,2014,ID-JB,-6.266,107.49
51,West_Java,wet_season,69,ID,2013,ID-JB,-6.314116667,107.4708833
52,Central_Plain,wet_season,70,TH,2013,TH-72,14.60259,100.20091
53,Central_Plain,wet_season,71,TH,2013,TH-15,14.61033,100.20011
54,Central_Plain,wet_season,72,TH,2013,TH-72,14.61004,100.20038
55,Central_Plain,wet_season,73,TH,2013,TH-15,14.61488,100.19827
56,West_Java,wet_season,74,ID,2013,ID-JB,-6.3306,107.47135
57,Central_Plain,wet_season,75,TH,2013,TH-15,14.63069,100.17402
58,West_Java,wet_season,76,ID,2013,ID-JB,-6.313333333,107.47025
59,West_Java,wet_season,77,ID,2013,ID-JB,-6.292116667,107.55
60,West_Java,dry_season,78,ID,2014,ID-JB,-6.28,107.45
61,West_Java,wet_season,79,ID,2013,ID-JB,-6.2907,107.47655
62,West_Java,wet_season,80,ID,2013,ID-JB,-6.29135,107.4768833
63,West_Java,wet_season,81,ID,2013,ID-JB,-6.301133333,107.4736833
64,Central_Plain,dry_season,82,TH,2013,TH-72,14.66783,100.1649
65,Central_Plain,dry_season,83,TH,2013,TH-72,14.66754,100.16387
66,Central_Plain,dry_season,84,TH,2013,TH-72,14.67885,100.16301
67,Central_Plain,dry_season,85,TH,2013,TH-72,14.68077,100.16302
68,Central_Plain,dry_season,86,TH,2013,TH-72,14.6705,100.19176
69,Central_Plain,dry_season,87,TH,2013,TH-72,14.66983,100.19018
70,Central_Plain,dry_season,88,TH,2013,TH-72,14.66965,100.18964
71,Central_Plain,dry_season,89,TH,2013,TH-72,14.65594,100.19163
72,Central_Plain,dry_season,90,TH,2013,TH-72,14.65808,100.19158
73,Central_Plain,dry_season,91,TH,2013,TH-72,14.65785,100.19156
74,Central_Plain,dry_season,92,TH,2013,TH-72,14.67459,100.17774
75,Red_river_delta,dry_season,93,VN,2013,VN-61,20.4817,106.2336
76,Red_river_delta,dry_season,94,VN,2013,VN-61,20.4832,106.2351
77,Red_river_delta,dry_season,95,VN,2013,VN-61,20.4813,106.232
78,Central_Plain,dry_season,96,TH,2013,TH-72,14.64009,100.15984
79,West_Java,wet_season,97,ID,2013,ID-JB,-6.27408,107.48056
80,Central_Plain,dry_season,98,TH,2013,TH-72,14.64939,100.18236
81,Central_Plain,dry_season,99,TH,2013,TH-72,14.62793,100.1666
82,Central_Plain,dry_season,100,TH,2013,TH-72,14.62793,100.16653
83,Central_Plain,dry_season,101,TH,2013,TH-72,14.60803,100.19513
84,West_Java,wet_season,102,ID,2013,ID-JB,-6.27874,107.48313
85,Central_Plain,dry_season,103,TH,2013,TH-15,14.60875,100.19545
86,Central_Plain,dry_season,104,TH,2013,TH-72,14.60826,100.19472
87,Central_Plain,dry_season,105,TH,2013,TH-15,14.60541,100.19959
88,Central_Plain,dry_season,106,TH,2013,TH-15,14.60774,100.20596
89,Red_river_delta,dry_season,107,VN,2013,VN-61,106.3898,20.7904
90,Red_river_delta,dry_season,108,VN,2014,VN-61,20.7907,106.3899
91,Red_river_delta,dry_season,109,VN,2014,VN-61,20.7906,106.3899
92,Tamil_Nadu,wet_season,110,IN,2013,IN-TN,11.06486667,79.56215
93,Red_river_delta,dry_season,111,VN,2014,VN-61,20.7906,106.3899
94,Red_river_delta,dry_season,112,VN,2014,VN-61,20.7906,106.3899
95,Red_river_delta,dry_season,113,VN,2013,VN-61,20.47703,106.23194
96,Red_river_delta,wet_season,114,VN,2014,VN-61,20.800327,106.3919
97,Red_river_delta,wet_season,115,VN,2014,VN-61,20.799788,106.3929
98,West_Java,wet_season,116,ID,2013,ID-JB,-6.3076,107.471
99,Red_river_delta,dry_season,117,VN,2013,VN-61,20.47462,106.23147
100,Red_river_delta,dry_season,118,VN,2013,VN-61,20.477,106.23183
101,Red_river_delta,wet_season,119,VN,2014,VN-61,20.797268,106.3859
102,Red_river_delta,wet_season,120,VN,2014,VN-61,20.799427,106.3945
103,Red_river_delta,wet_season,121,VN,2014,VN-61,20.797781,106.386
104,West_Java,wet_season,123,ID,2013,ID-JB,-6.3044,107.472
105,West_Java,wet_season,124,ID,2013,ID-JB,-6.3076,107.4713667
106,West_Java,wet_season,125,ID,2013,ID-JB,-6.304333333,107.47285
107,Odisha,dry_season,127,IN,2013,IN-OR,20.31765,85.96695
108,Red_river_delta,dry_season,129,VN,2013,VN-61,20.47413,106.23097
109,Red_river_delta,dry_season,134,VN,2013,VN-61,20.4729,106.242
110,Red_river_delta,dry_season,135,VN,2013,VN-61,20.4728,106.2418
111,Red_river_delta,dry_season,136,VN,2013,VN-61,20.4724,106.2323
112,Red_river_delta,dry_season,137,VN,2013,VN-61,20.4761,106.22963
113,Red_river_delta,dry_season,138,VN,2013,VN-61,20.4725,106.2322
114,Red_river_delta,dry_season,139,VN,2014,VN-61,20.800327,106.3919
115,Red_river_delta,dry_season,140,VN,2014,VN-61,20.797781,106.386
116,Red_river_delta,dry_season,141,VN,2014,VN-61,20.797268,106.3859
117,Red_river_delta,dry_season,142,VN,2013,VN-61,20.4719,106.2252
118,Red_river_delta,dry_season,143,VN,2014,VN-61,20.80138889,106.3825
119,Red_river_delta,dry_season,144,VN,2014,VN-61,20.80111111,106.3786111
120,Red_river_delta,dry_season,145,VN,2014,VN-61,20.82166667,106.3986111
121,Red_river_delta,dry_season,146,VN,2014,VN-61,20.80888889,106.3836111
122,Red_river_delta,dry_season,147,VN,2014,VN-61,20.80194444,106.3838889
123,Red_river_delta,dry_season,148,VN,2014,VN-61,20.799427,106.3945
124,Red_river_delta,dry_season,149,VN,2014,VN-61,20.799788,106.3929
125,Tamil_Nadu,wet_season,150,IN,2013,IN-TN,11.06348333,79.56488333
126,Red_river_delta,wet_season,151,VN,2014,VN-61,20.80888889,106.3836111
127,Red_river_delta,wet_season,153,VN,2014,VN-61,20.7906,106.3899
128,Tamil_Nadu,wet_season,154,IN,2013,IN-TN,11.0642,79.56771667
129,Tamil_Nadu,wet_season,155,IN,2013,IN-TN,11.06473333,79.57055
130,Tamil_Nadu,wet_season,156,IN,2013,IN-TN,11.06701667,79.56835
131,Tamil_Nadu,wet_season,157,IN,2013,IN-TN,11.05266667,79.56506667
132,Tamil_Nadu,wet_season,158,IN,2013,IN-TN,11.05355,79.56738333
133,Tamil_Nadu,wet_season,159,IN,2013,IN-TN,11.05345,79.57101667
134,Tamil_Nadu,wet_season,160,IN,2013,IN-TN,11.04513333,79.56311667
135,Red_river_delta,wet_season,162,VN,2014,VN-61,20.7904,106.3898
136,Tamil_Nadu,wet_season,163,IN,2013,IN-TN,11.04158333,79.56478333
137,Red_river_delta,wet_season,164,VN,2014,VN-61,20.7906,106.3899
138,Red_river_delta,wet_season,165,VN,2014,VN-61,20.7907,106.3899
139,Red_river_delta,wet_season,166,VN,2014,VN-61,20.4816,106.2334
140,Red_river_delta,wet_season,167,VN,2014,VN-61,20.4832,106.2351
141,Red_river_delta,wet_season,169,VN,2014,VN-61,20.4813,106.232
142,Red_river_delta,wet_season,170,VN,2014,VN-61,20.8063,106.3933
143,Red_river_delta,wet_season,174,VN,2013,VN-61,20.47413,106.23097
144,Red_river_delta,wet_season,176,VN,2013,VN-61,20.4715,106.2329
145,Red_river_delta,wet_season,177,VN,2013,VN-61,20.47,106.2341
146,Red_river_delta,wet_season,178,VN,2013,VN-61,20.5152,106.2331
147,Red_river_delta,wet_season,180,VN,2014,VN-61,20.4715,106.2326
148,Odisha,dry_season,181,IN,2013,IN-OR,20.32138333,85.96281667
149,Red_river_delta,wet_season,182,VN,2015,VN-61,20.787,106.398317
150,Red_river_delta,wet_season,183,VN,2015,VN-61,20.786,106.398
151,Red_river_delta,wet_season,184,VN,2015,VN-61,20.787,106.398
152,Red_river_delta,wet_season,185,VN,2015,VN-61,20.793,106.384
153,Red_river_delta,wet_season,186,VN,2015,VN-61,20.785,106.399
154,Red_river_delta,wet_season,188,VN,2015,VN-61,20.797,106.386
155,Red_river_delta,wet_season,189,VN,2015,VN-61,20.799,106.394
156,Odisha,dry_season,190,IN,2013,IN-OR,20.3008,85.96533333
157,Red_river_delta,wet_season,191,VN,2015,VN-61,20.797,106.385
158,Red_river_delta,wet_season,192,VN,2015,VN-61,20.799,106.392
159,Red_river_delta,wet_season,193,VN,2015,VN-61,20.8,106.391
160,Odisha,dry_season,194,IN,2013,IN-OR,20.31646667,85.9694
161,Odisha,dry_season,195,IN,2013,IN-OR,20.30095,85.97745
162,Odisha,dry_season,196,IN,2013,IN-OR,20.29961667,85.97386667
163,Odisha,dry_season,197,IN,2013,IN-OR,20.3044,85.97115
164,Odisha,dry_season,198,IN,2013,IN-OR,20.3015,85.96531667
165,Odisha,dry_season,200,IN,2013,IN-OR,20.29895,85.97781667
166,Odisha,dry_season,201,IN,2013,IN-OR,20.30685,85.97423333
167,Odisha,dry_season,202,IN,2013,IN-OR,20.3039,85.97375
168,Odisha,dry_season,203,IN,2013,IN-OR,20.3191,85.96511667
169,Odisha,dry_season,204,IN,2013,IN-OR,20.31431667,85.96986667
170,Odisha,dry_season,205,IN,2013,IN-OR,20.31935,85.96951667
171,Odisha,dry_season,206,IN,2013,IN-OR,20.3041,85.96621667
172,Red_river_delta,wet_season,207,VN,2015,VN-61,20.774,106.388
173,Red_river_delta,wet_season,208,VN,2015,VN-61,20.793,106.384
174,Red_river_delta,wet_season,209,VN,2015,VN-61,20.795,106.387
175,Red_river_delta,wet_season,210,VN,2015,VN-61,20.792,106.395
176,Tamil_Nadu,dry_season,211,IN,2013,IN-TN,10.92568333,79.44245
177,Tamil_Nadu,dry_season,212,IN,2013,IN-TN,10.93131667,79.44211667
178,Tamil_Nadu,dry_season,213,IN,2013,IN-TN,10.91678333,79.43341667
179,Tamil_Nadu,dry_season,214,IN,2013,IN-TN,11.02671667,79.57011667
180,Tamil_Nadu,dry_season,215,IN,2013,IN-TN,10.91656667,79.42876667
181,Tamil_Nadu,dry_season,216,IN,2013,IN-TN,11.06701667,79.56835
182,Tamil_Nadu,dry_season,217,IN,2013,IN-TN,10.93776667,79.4457
183,Tamil_Nadu,dry_season,218,IN,2013,IN-TN,10.94578333,79.43673333
184,Tamil_Nadu,dry_season,219,IN,2013,IN-TN,10.95266667,79.43583333
185,West_Java,dry_season,220,ID,2014,ID-JB,-6.265,107.49
186,West_Java,dry_season,221,ID,2014,ID-JB,-6.266,107.49
187,West_Java,dry_season,222,ID,2014,ID-JB,-6.28,107
188,West_Java,dry_season,223,ID,2014,ID-JB,-6.266,107.48
189,West_Java,dry_season,224,ID,2014,ID-JB,-6.266,107.49
190,West_Java,dry_season,225,ID,2014,ID-JB,-6.267,107.4
191,West_Java,dry_season,226,ID,2014,ID-JB,-6.293,107
192,West_Java,dry_season,227,ID,2014,ID-JB,-6.269,107.45
193,West_Java,dry_season,228,ID,2014,ID-JB,-6.275,107.45
194,West_Java,dry_season,229,ID,2014,ID-JB,-6.269,107.45
195,West_Java,dry_season,230,ID,2014,ID-JB,-6.27,107.45
196,West_Java,dry_season,231,ID,2014,ID-JB,-6.27,107.46
197,West_Java,dry_season,232,ID,2014,ID-JB,-6.293,107
198,Tamil_Nadu,dry_season,233,IN,2013,IN-TN,10.95751667,79.4338
199,Tamil_Nadu,wet_season,234,IN,2013,IN-TN,11.03636667,79.56536667
200,Tamil_Nadu,wet_season,235,IN,2013,IN-TN,11.03206667,79.56626667
201,Tamil_Nadu,wet_season,236,IN,2013,IN-TN,11.0319,79.57076667
202,Tamil_Nadu,wet_season,237,IN,2013,IN-TN,11.0287,79.57
203,Tamil_Nadu,wet_season,238,IN,2013,IN-TN,11.05718333,79.56276667
204,Tamil_Nadu,dry_season,239,IN,2013,IN-TN,10.9829,79.44565
205,Odisha,wet_season,240,IN,2014,IN-OR,20.22928,85.5413
206,Tamil_Nadu,dry_season,241,IN,2013,IN-TN,11.05035,79.52988333
207,Tamil_Nadu,dry_season,242,IN,2013,IN-TN,11.06406667,79.57055
208,Central_Plain,wet_season,243,TH,2014,TH-72,14.64278,100.08705
209,Central_Plain,wet_season,244,TH,2014,TH-72,14.6458,100.1064
210,Central_Plain,wet_season,245,TH,2014,TH-72,14.6811,100.1355
211,Central_Plain,wet_season,246,TH,2014,TH-72,14.6385,100.1344
212,Central_Plain,wet_season,247,TH,2014,TH-72,14.63623,100.11432
213,Central_Plain,wet_season,248,TH,2014,TH-72,14.6868,100.1322
214,Central_Plain,wet_season,249,TH,2014,TH-72,14.63623,100.11432
215,Central_Plain,wet_season,250,TH,2014,TH-72,14.6314,100.0964
216,Central_Plain,wet_season,251,TH,2014,TH-72,14.6922,100.1379
217,Central_Plain,wet_season,252,TH,2014,TH-72,14.6447,100.1175
218,Central_Plain,wet_season,253,TH,2014,TH-72,14.63177,100.20194
219,Central_Plain,wet_season,254,TH,2014,TH-72,14.6115,100.1119
220,Central_Plain,wet_season,255,TH,2014,TH-72,14.6404,100.1351
221,Central_Plain,wet_season,256,TH,2014,TH-72,14.64321,100.08633
222,Central_Plain,wet_season,257,TH,2014,TH-72,14.66316,100.02478
223,Central_Plain,wet_season,258,TH,2014,TH-72,14.63623,100.11432
224,Central_Plain,wet_season,259,TH,2014,TH-72,14.63623,100.11432
225,Central_Plain,wet_season,260,TH,2014,TH-72,14.63623,100.11432
226,Central_Plain,wet_season,261,TH,2014,TH-72,14.64321,100.08633
227,Central_Plain,wet_season,262,TH,2014,TH-72,14.63623,100.11432
228,Central_Plain,wet_season,263,TH,2014,TH-72,14.64321,100.08633
229,Central_Plain,dry_season,264,TH,2014,TH-72,14.671434,100.213657
230,Central_Plain,dry_season,265,TH,2014,TH-72,14.63623,100.11432
231,Central_Plain,dry_season,266,TH,2014,TH-72,14.803869,100.040977
232,Central_Plain,dry_season,267,TH,2014,TH-72,14.63623,100.11432
233,Central_Plain,dry_season,268,TH,2014,TH-72,14.63623,100.11432
234,Central_Plain,dry_season,269,TH,2014,TH-72,14.671434,100.213657
235,Central_Plain,dry_season,270,TH,2014,TH-72,14.63623,100.11432
236,Tamil_Nadu,wet_season,271,IN,2014,IN-TN,11.02686,79.3
237,Odisha,wet_season,272,IN,2014,IN-OR,20.22968,85.5513
238,Central_Plain,dry_season,273,TH,2014,TH-72,14.46523,100.13137
239,Central_Plain,dry_season,274,TH,2014,TH-72,14.75795,100.09752
240,Central_Plain,dry_season,275,TH,2014,TH-72,14.63787,100.11022
241,Central_Plain,dry_season,276,TH,2014,TH-72,14.63706,100.19925
242,Central_Plain,dry_season,277,TH,2014,TH-72,14.63214,100.19308
243,Central_Plain,dry_season,278,TH,2014,TH-72,14.6638,100.14232
244,Central_Plain,dry_season,279,TH,2014,TH-72,14.67338,100.21266
245,Odisha,wet_season,280,IN,2014,IN-OR,20.23662,85.5467
246,Tamil_Nadu,dry_season,281,IN,2015,IN-TN,11.063,79.564
247,Odisha,wet_season,282,IN,2014,IN-OR,20.22588,85.553
248,Odisha,wet_season,283,IN,2014,IN-OR,20.22236,85.5519
249,Odisha,wet_season,284,IN,2014,IN-OR,20.21714,85.5556
250,Tamil_Nadu,dry_season,285,IN,2013,IN-TN,11.06431667,79.56783333
251,Tamil_Nadu,dry_season,286,IN,2013,IN-TN,11.05176667,79.56506667
252,Odisha,wet_season,287,IN,2014,IN-OR,20.22086,85.5577
253,Odisha,wet_season,288,IN,2014,IN-OR,20.22528,85.557
254,Odisha,wet_season,291,IN,2014,IN-OR,20.21357,85.5621
255,Odisha,wet_season,292,IN,2014,IN-OR,20.22492,85.5668
256,Odisha,wet_season,293,IN,2014,IN-OR,20.2176,85.5554
257,Odisha,wet_season,294,IN,2014,IN-OR,20.21377,85.5738
258,Odisha,wet_season,295,IN,2014,IN-OR,20.20868,85.5725
259,Odisha,wet_season,296,IN,2014,IN-OR,20.20207,85.5709
260,Odisha,wet_season,297,IN,2014,IN-OR,20.24066,85.5401
261,Tamil_Nadu,wet_season,298,IN,2014,IN-TN,11.0385,79.339
262,Tamil_Nadu,wet_season,299,IN,2014,IN-TN,11.0607,79.3421
263,Odisha,wet_season,300,IN,2014,IN-OR,11.1279,79.3407
264,Tamil_Nadu,wet_season,301,IN,2014,IN-TN,11.01532,79.3333
265,Tamil_Nadu,wet_season,302,IN,2014,IN-TN,11.02284,79.3325
266,Tamil_Nadu,wet_season,303,IN,2014,IN-TN,11.02337,79.3348
267,Tamil_Nadu,wet_season,304,IN,2014,IN-TN,11.03163,79.339
268,Tamil_Nadu,wet_season,305,IN,2014,IN-TN,11.03385,79.3329
269,Tamil_Nadu,wet_season,306,IN,2014,IN-TN,11.0174,79.35
270,Tamil_Nadu,wet_season,307,IN,2014,IN-TN,11.041,79.352
271,Tamil_Nadu,wet_season,308,IN,2014,IN-TN,11.0495,79.338
272,Tamil_Nadu,wet_season,309,IN,2014,IN-TN,11.098,79.354
273,Tamil_Nadu,wet_season,310,IN,2014,IN-TN,11.01914,79.3426
274,Tamil_Nadu,wet_season,311,IN,2014,IN-TN,11.0335,79.3397
275,Odisha,wet_season,312,IN,2013,IN-OR,20.35516667,85.94306667
276,Odisha,wet_season,313,IN,2013,IN-OR,20.35348333,85.94756667
277,Odisha,wet_season,314,IN,2013,IN-OR,20.35425,85.94633333
278,Odisha,wet_season,315,IN,2013,IN-OR,20.40066667,85.89766667
279,Odisha,wet_season,316,IN,2013,IN-OR,20.3826,85.9042
280,Odisha,wet_season,317,IN,2013,IN-OR,20.38313333,85.90181667
281,Odisha,wet_season,318,IN,2013,IN-OR,20.3809,85.90158333
282,Odisha,wet_season,319,IN,2013,IN-OR,20.3928,85.90736667
283,Odisha,wet_season,320,IN,2013,IN-OR,20.35471667,85.9455
284,Odisha,wet_season,321,IN,2013,IN-OR,20.35573333,85.94458333
285,Odisha,wet_season,322,IN,2013,IN-OR,20.35401667,85.94715
286,Odisha,wet_season,323,IN,2013,IN-OR,20.3523,85.94341667
287,Odisha,dry_season,324,IN,2014,IN-OR,20.12,85.83
288,Odisha,dry_season,325,IN,2014,IN-OR,20.12,85.83
289,Odisha,dry_season,326,IN,2014,IN-OR,20.12,85.83
290,Odisha,dry_season,327,IN,2014,IN-OR,20.12,85.83
291,Odisha,dry_season,328,IN,2014,IN-OR,20.12,85.83
292,Odisha,dry_season,330,IN,2014,IN-OR,20.12,85.83
293,Odisha,dry_season,331,IN,2014,IN-OR,20.27,85.52
294,Central_Plain,wet_season,332,TH,2015,TH-72,14.63623,100.11432
295,Central_Plain,wet_season,333,TH,2015,TH-72,14.63623,100.11432
296,Central_Plain,wet_season,334,TH,2015,TH-72,14.63623,100.11432
297,Central_Plain,wet_season,335,TH,2015,TH-72,14.63623,100.11432
298,Central_Plain,wet_season,336,TH,2015,TH-72,14.63623,100.11432
299,Central_Plain,wet_season,337,TH,2015,TH-72,14.63623,100.11432
300,Central_Plain,wet_season,338,TH,2015,TH-72,14.63623,100.11432
301,Central_Plain,wet_season,339,TH,2015,TH-72,14.63623,100.11432
302,Central_Plain,wet_season,340,TH,2015,TH-72,14.63623,100.11432
303,Central_Plain,wet_season,341,TH,2015,TH-72,14.63623,100.11432
304,Central_Plain,wet_season,342,TH,2015,TH-72,14.63623,100.11432
305,Odisha,dry_season,343,IN,2014,IN-OR,20.27,85.52
306,Central_Plain,wet_season,344,TH,2015,TH-72,14.63623,100.11432
307,Odisha,dry_season,345,IN,2014,IN-OR,20.27,85.52
308,Odisha,dry_season,346,IN,2014,IN-OR,20.27,85.52
309,Odisha,dry_season,347,IN,2014,IN-OR,20.27,85.52
310,Odisha,dry_season,348,IN,2014,IN-OR,20.27,85.52
311,Odisha,dry_season,349,IN,2014,IN-OR,20.27,85.52
312,Odisha,dry_season,350,IN,2014,IN-OR,20.27,85.84
313,Odisha,dry_season,351,IN,2014,IN-OR,20.27,85.84
314,West_Java,wet_season,352,ID,2014,ID-JB,-6.266,107
315,Red_river_delta,wet_season,353,VN,2014,VN-61,20.4761,106.23963
316,Red_river_delta,wet_season,354,VN,2014,VN-61,20.4714,106.2331
317,Red_river_delta,wet_season,355,VN,2014,VN-61,20.484,106.2243
318,Red_river_delta,wet_season,356,VN,2014,VN-61,20.485,106.2257
319,Red_river_delta,wet_season,357,VN,2014,VN-61,20.4812,106.2329
320,Red_river_delta,wet_season,358,VN,2014,VN-61,20.4918,106.2355
321,Red_river_delta,wet_season,359,VN,2014,VN-61,20.47462,106.23147
322,Red_river_delta,wet_season,360,VN,2014,VN-61,20.47703,106.23194
323,Red_river_delta,wet_season,361,VN,2014,VN-61,20.47413,106.23097
324,Red_river_delta,wet_season,362,VN,2014,VN-61,20.4715,106.2329
325,Red_river_delta,wet_season,363,VN,2014,VN-61,20.47,106.2341
326,Red_river_delta,wet_season,364,VN,2014,VN-61,20.5152,106.2331
327,Red_river_delta,wet_season,365,VN,2014,VN-61,20.487,106.232
328,Red_river_delta,wet_season,366,VN,2014,VN-61,20.7906,106.3899
329,Red_river_delta,wet_season,367,VN,2014,VN-61,20.477,106.23138
330,Tamil_Nadu,dry_season,368,IN,2015,IN-TN,11.0648,79.5622
331,Tamil_Nadu,dry_season,369,IN,2015,IN-TN,11.068,79.5598
332,Tamil_Nadu,dry_season,370,IN,2015,IN-TN,11.0513,79.563
333,Tamil_Nadu,dry_season,371,IN,2015,IN-TN,11.0448,79.564
334,Tamil_Nadu,dry_season,372,IN,2015,IN-TN,11.02284,79.3325
335,Tamil_Nadu,dry_season,373,IN,2015,IN-TN,11.02337,79.3348
336,Tamil_Nadu,dry_season,374,IN,2015,IN-TN,11.03163,79.339
337,Tamil_Nadu,dry_season,375,IN,2015,IN-TN,11.03385,79.3319
338,Tamil_Nadu,dry_season,376,IN,2015,IN-TN,11.0174,79.35
339,Odisha,dry_season,377,IN,2015,IN-OR,20.4625,85.883
340,Tamil_Nadu,dry_season,378,IN,2015,IN-TN,11.0625,79.572
341,Tamil_Nadu,dry_season,379,IN,2015,IN-TN,11.0711,79.571
342,Tamil_Nadu,dry_season,380,IN,2015,IN-TN,11.0622,79.5623
343,Tamil_Nadu,dry_season,381,IN,2015,IN-TN,11.0625,79.5614
344,Tamil_Nadu,dry_season,382,IN,2015,IN-TN,11.0672,79.5523
345,Tamil_Nadu,wet_season,383,IN,2015,IN-TN,11.023,79.574
346,Tamil_Nadu,wet_season,384,IN,2015,IN-TN,11.022,79.563
347,Odisha,dry_season,385,IN,2015,IN-OR,20.4625,85.883
348,Tamil_Nadu,wet_season,386,IN,2015,IN-TN,11.025,79.5461
349,Tamil_Nadu,wet_season,387,IN,2015,IN-TN,11.026,79.561
350,Tamil_Nadu,wet_season,388,IN,2015,IN-TN,11.027,79.569
351,Tamil_Nadu,wet_season,389,IN,2015,IN-TN,11.008,79.568
352,Tamil_Nadu,wet_season,390,IN,2015,IN-TN,11.006,79.563
353,Tamil_Nadu,wet_season,391,IN,2015,IN-TN,11.009,79.565
354,Tamil_Nadu,wet_season,392,IN,2015,IN-TN,11.012,79.562
355,Tamil_Nadu,wet_season,393,IN,2015,IN-TN,11.004,79.571
356,Tamil_Nadu,wet_season,394,IN,2015,IN-TN,10.994,79.573
357,Tamil_Nadu,wet_season,395,IN,2015,IN-TN,10.999,79.578
358,Odisha,dry_season,396,IN,2015,IN-OR,20.4625,85.883
359,Tamil_Nadu,wet_season,397,IN,2015,IN-TN,10.996,79.581
360,Odisha,dry_season,398,IN,2015,IN-OR,20.4625,85.883
361,Tamil_Nadu,wet_season,399,IN,2015,IN-TN,10.99,79.581
362,Tamil_Nadu,wet_season,400,IN,2015,IN-TN,10.99,79.585
363,Tamil_Nadu,dry_season,401,IN,2014,IN-TN,11.02131,79.5715
364,Tamil_Nadu,dry_season,402,IN,2014,IN-TN,11.01249,79.5717
365,Tamil_Nadu,dry_season,403,IN,2014,IN-TN,11.00577,79.5717
366,Tamil_Nadu,dry_season,404,IN,2014,IN-TN,10.9916,79.5738
367,Tamil_Nadu,dry_season,405,IN,2014,IN-TN,10.9944,79.5793
368,Tamil_Nadu,dry_season,406,IN,2014,IN-TN,10.9898,79.5753
369,Odisha,dry_season,407,IN,2015,IN-OR,20.4625,85.883
370,Odisha,dry_season,408,IN,2015,IN-OR,20.4625,85.883
371,Tamil_Nadu,dry_season,409,IN,2014,IN-TN,10.98677,79.5894
372,Tamil_Nadu,dry_season,410,IN,2014,IN-TN,10.9872,79.5793
373,Tamil_Nadu,dry_season,411,IN,2014,IN-TN,10.98525,79.5939
374,Tamil_Nadu,dry_season,412,IN,2014,IN-TN,10.98442,79.5984
375,Tamil_Nadu,dry_season,413,IN,2014,IN-TN,10.98361,79.6027
376,Tamil_Nadu,dry_season,414,IN,2014,IN-TN,11.02107,79.5691
377,Tamil_Nadu,dry_season,415,IN,2014,IN-TN,11.02353,79.5717
378,Tamil_Nadu,dry_season,416,IN,2014,IN-TN,11.03173,79.5664
379,Tamil_Nadu,dry_season,417,IN,2014,IN-TN,11.01172,79.342
380,Odisha,dry_season,418,IN,2015,IN-OR,20.4625,85.883
381,Odisha,dry_season,419,IN,2015,IN-OR,20.4625,85.883
382,Odisha,dry_season,420,IN,2015,IN-OR,20.4625,85.883
383,Odisha,dry_season,421,IN,2015,IN-OR,20.1112,85.8327
384,Odisha,dry_season,422,IN,2015,IN-OR,20.1112,85.8327
385,Odisha,dry_season,423,IN,2015,IN-OR,20.1112,85.8327
386,Odisha,dry_season,424,IN,2015,IN-OR,20.1112,85.8327
387,Odisha,dry_season,425,IN,2015,IN-OR,20.1112,85.8327
388,Odisha,dry_season,426,IN,2015,IN-OR,20.1112,85.8327
389,Odisha,wet_season,427,IN,2015,IN-OR,20.4625,85.883
390,Odisha,wet_season,428,IN,2015,IN-OR,20.4625,85.883
391,Odisha,wet_season,429,IN,2015,IN-OR,20.1112,85.8327
392,Odisha,wet_season,430,IN,2015,IN-OR,20.4625,85.883
393,West_Java,wet_season,431,ID,2014,ID-JB,-6.2698,107.45265
394,West_Java,wet_season,432,ID,2014,ID-JB,-6.273333333,107.50855
395,Odisha,wet_season,433,IN,2015,IN-OR,20.1112,85.8327
396,West_Java,wet_season,434,ID,2014,ID-JB,-6.231397222,107.4545889
397,Odisha,wet_season,435,IN,2015,IN-OR,20.1112,85.8327
398,Odisha,wet_season,436,IN,2015,IN-OR,20.4625,85.883
399,West_Java,wet_season,437,ID,2014,ID-JB,-6.330413889,107.5129972
400,West_Java,wet_season,438,ID,2014,ID-JB,-6.2714,107.5083
401,Odisha,wet_season,439,IN,2015,IN-OR,20.4625,85.883
402,Odisha,wet_season,440,IN,2015,IN-OR,20.4625,85.883
403,Odisha,wet_season,441,IN,2015,IN-OR,20.4625,85.883
404,Odisha,wet_season,442,IN,2015,IN-OR,20.1112,85.8327
405,Odisha,wet_season,443,IN,2015,IN-OR,20.4625,85.883
406,Odisha,wet_season,444,IN,2015,IN-OR,20.4625,85.883
407,Odisha,wet_season,445,IN,2015,IN-OR,20.4625,85.883
408,Odisha,wet_season,446,IN,2015,IN-OR,20.4625,85.883
409,West_Java,wet_season,447,ID,2014,ID-JB,-6.332183333,107.4548917
410,West_Java,wet_season,448,ID,2014,ID-JB,-6.27125,107.5086333
411,West_Java,wet_season,449,ID,2014,ID-JB,-6.269733333,107.5130333
412,West_Java,wet_season,450,ID,2014,ID-JB,-6.272711111,107.5052778
413,West_Java,wet_season,451,ID,2014,ID-JB,-6.329236111,107.5071889
414,West_Java,wet_season,452,ID,2014,ID-JB,-6.27085,107.4528333
415,West_Java,wet_season,453,ID,2014,ID-JB,-6.2688,107.51315
416,West_Java,wet_season,454,ID,2014,ID-JB,-6.327494444,107.5062889
417,West_Java,dry_season,455,ID,2015,ID-JB,-6.16128,107.3079
418,West_Java,dry_season,456,ID,2015,ID-JB,-6.161804,107.2722
419,West_Java,dry_season,457,ID,2015,ID-JB,-6.265667,107.4517
420,West_Java,dry_season,458,ID,2015,ID-JB,-6.16,107.4551
421,West_Java,dry_season,459,ID,2015,ID-JB,-6.264845,107.4538
422,West_Java,dry_season,460,ID,2015,ID-JB,-6.269828,107.4591
423,West_Java,dry_season,461,ID,2015,ID-JB,-6.161532,107.3037
424,West_Java,dry_season,462,ID,2015,ID-JB,-6.161489,107.2722
425,West_Java,dry_season,463,ID,2015,ID-JB,-6.161424,107.3038
426,West_Java,dry_season,464,ID,2015,ID-JB,-6.160913,107.3038
427,West_Java,dry_season,465,ID,2015,ID-JB,-6.263629,107.5179
428,West_Java,dry_season,466,ID,2015,ID-JB,-6.263629,107.5179
429,West_Java,dry_season,467,ID,2015,ID-JB,-6.260028,107.5218
430,West_Java,dry_season,468,ID,2015,ID-JB,-6.26126,107.519
431,West_Java,dry_season,469,ID,2015,ID-JB,-6.161199,107.2422
432,Central_Plain,dry_season,470,TH,2015,TH-72,14.774822,100.050752
433,Central_Plain,dry_season,471,TH,2015,TH-72,14.872087,100.078145
434,Central_Plain,dry_season,472,TH,2015,TH-72,14.87792,100.077791
435,Central_Plain,dry_season,473,TH,2015,TH-72,14.885025,100.079157
436,West_Java,wet_season,474,ID,2015,ID-JB,-6.321108,107.2726035
437,Central_Plain,dry_season,475,TH,2015,TH-72,14.501,100.0578
438,Central_Plain,dry_season,476,TH,2015,TH-72,14.834261,100.095961
439,Central_Plain,dry_season,477,TH,2015,TH-72,14.59766,100.141586
440,Central_Plain,dry_season,478,TH,2015,TH-72,14.601146,100.142474
441,Central_Plain,dry_season,479,TH,2015,TH-72,14.645515,100.124035
442,Central_Plain,dry_season,480,TH,2015,TH-72,14.641908,100.130284
443,Central_Plain,dry_season,481,TH,2015,TH-72,14.644737,100.122934
444,Central_Plain,dry_season,482,TH,2015,TH-72,14.641664,100.124629
445,Central_Plain,dry_season,483,TH,2015,TH-72,14.400244,100.093167
446,Central_Plain,dry_season,484,TH,2015,TH-72,14.396337,100.082803
447,Central_Plain,dry_season,485,TH,2015,TH-72,14.422201,100.109571
